Project, Dependency, ProjName, DepName
2116548,1087292,ueberauth_foursquare,ueberauth
1060141,1608087,elixir_ami,elixir_agi
3214319,1643538,commanded_scheduler,commanded
3216881,3186141,exred_node_redis_out,exred_library
2556537,1374181,simple_markdown_extension_blueprint,simple_markdown
1454176,780119,phoenix_reactor,phoenix_html
2483668,3108767,google_api_accelerated_mobile_page_url,google_gax
1547365,1446383,nerves_toolchain_mipsel_unknown_linux_musl,nerves_toolchain
2483667,3108767,google_api_ad_exchange_buyer,google_gax
2415740,1938091,google_directions_generator,google_maps
2483682,3108767,google_api_ad_sense_host,google_gax
2121383,1675053,nerves_toolchain_aarch64_unknown_linux_gnueabi,nerves_toolchain_ctng
2654305,2603208,gen_queue_opq,gen_queue
2483677,3108767,google_api_apps_activity,google_gax
2375326,2142245,task_bunny_rollbar,task_bunny
1547366,430802,scrivener_ecto,scrivener
3428421,3395320,aliyun_oss,aliyun_util
671,1077427,comeonin,comeonin_i18n
2723821,1087292,ueberauth_adfs,ueberauth
2121388,1675053,nerves_toolchain_x86_64_unknown_linux_gnu,nerves_toolchain_ctng
2483689,3108767,google_api_android_management,google_gax
2483690,3108767,google_api_double_click_bid_manager,google_gax
2654328,2603208,gen_queue_verk,gen_queue
2483688,3108767,google_api_android_device_provisioning,google_gax
2309175,2309175,blazay,blazay
2483685,3108767,google_api_ad_experience_report,google_gax
1719084,1087292,ueberauth_qiita,ueberauth
2754625,2754578,crux_cache,crux_structs
2483686,3108767,google_api_ad_sense,google_gax
2483683,3108767,google_api_civic_info,google_gax
2483684,3108767,google_api_app_state,google_gax
2483697,3108767,google_api_blogger,google_gax
943270,430802,scrivener_html,scrivener
2483695,3108767,google_api_double_click_search,google_gax
2201140,2201349,stripe_callbacks,stripe_post
2483696,3108767,google_api_android_enterprise,google_gax
2578499,1087292,ueberauth_bungie,ueberauth
2483693,3108767,google_api_admin,google_gax
1613784,1484170,prometheus_phoenix,prometheus
3159634,2912696,harnais_map,harnais_error
2483694,3108767,google_api_dataproc,google_gax
2406731,1087292,ueberauth_wechat,ueberauth
2483691,3108767,google_api_app_engine,google_gax
3263815,1190498,yggdrasil_graphql,yggdrasil
2159015,1574086,memcachir,memcachex
758421,642,cloudi_service_validate,cloudi_core
1613784,1616889,prometheus_phoenix,prometheus_ex
2230719,1446380,nerves_system_rpi0,nerves_system_br
2346213,733345,kafka_ex_helpers,kafka_ex
2416647,2416640,chromesmith,chrome_launcher
3388984,2912603,membrane_element_ffmpeg_h264,membrane_core
2448230,3108767,google_api_monitoring,google_gax
1612782,1484170,prometheus_ecto,prometheus
2448223,3108767,google_api_webmaster,google_gax
2378822,2376616,automaton_fb_messenger,automaton
1708694,1443688,concerto_plug,concerto
3388984,2912740,membrane_element_ffmpeg_h264,membrane_common_c
2498679,1446380,nerves_system_vultr,nerves_system_br
2448225,3108767,google_api_plus,google_gax
3388987,2912603,membrane_element_rawvideo_parser,membrane_core
2448235,3108767,google_api_you_tube_reporting,google_gax
1349862,836602,openmaize_jwt,openmaize
1773883,733345,kafka_impl,kafka_ex
2754587,2754578,crux_rest,crux_structs
2448244,3108767,google_api_os_login,google_gax
2448243,3108767,google_api_genomics,google_gax
2448246,3108767,google_api_manufacturers,google_gax
1235465,1056228,neo4j_sips_models,neo4j_sips
2388284,2362334,nerves_init_gadget,nerves_network
2021928,2021928,numbers,numbers
2439149,1571983,coherence_assent,coherence
2081388,2111897,eml_gen_rtmp_server,eml_rtmp
1988165,1446390,logi_stdlib_ex,logi_stdlib
1522575,1675053,nerves_toolchain_armv6_rpi_linux_gnueabi,nerves_toolchain_ctng
1499508,3389479,pop3mail,pop3client
3263209,2518979,ex_aws_s3_direct_upload,ex_aws_s3
2682727,836965,guardian_jwe,guardian
2483738,3108767,google_api_games,google_gax
2483736,3108767,google_api_big_query_data_transfer,google_gax
2299491,2299447,otter_srv,otter_lib
2483737,3108767,google_api_calendar,google_gax
2414495,733345,kafka_message_bus,kafka_ex
1544399,737605,mochicow,mochiweb
2414754,1446380,nerves_system_rpi3_sdr,nerves_system_br
2483745,3108767,google_api_fonts,google_gax
2175820,1087292,ueberauth_ok,ueberauth
2595566,2575046,authority_ecto,authority
2483746,3108767,google_api_logging,google_gax
3243727,2176237,nerves_hub,nerves_runtime
2435502,642,cloudi_service_null,cloudi_core
2500341,1087292,ueberauth_khanacademy,ueberauth
1446388,2497586,nerves_system_bbb,nerves_system_linter
3254662,836965,guardian_paseto,guardian
1522575,1446383,nerves_toolchain_armv6_rpi_linux_gnueabi,nerves_toolchain
2483749,3108767,google_api_dlp,google_gax
2483764,3108767,google_api_firebase_rules,google_gax
1540514,1087292,ueberauth_auth0,ueberauth
2325626,2325621,elixir_weather_slack_bot,elixir_weather
2943810,1446380,nerves_system_rpi3_tftfb,nerves_system_br
2586987,2448227,straw_hat_graphql,straw_hat
2483757,3108767,google_api_ad_exchange_seller,google_gax
2084406,1087292,ueberauth_procore,ueberauth
2483703,3108767,google_api_content,google_gax
3216997,3413053,exred_node_rpiphoto,exred_nodeprototype
2414171,1135367,absinthe_throttle,absinthe
2483701,3108767,google_api_analytics_reporting,google_gax
2943500,2912696,harnais_runner,harnais_error
1566976,1087292,ueberauth_active_directory,ueberauth
2440810,1587601,appsignal_js_plug,appsignal
733358,780119,phoenix_ecto,phoenix_html
2483714,3108767,google_api_classroom,google_gax
2442022,1206283,exometer_fetch,exometer_core
1484169,1590276,prometheus_plugs,prometheus_process_collector
2483707,3108767,google_api_firebase_dynamic_links,google_gax
3217009,3413053,exred_node_shell,exred_nodeprototype
2483722,3108767,google_api_dataflow,google_gax
2230719,2497586,nerves_system_rpi0,nerves_system_linter
2684789,1643538,commanded_swarm_registry,commanded
2654362,2603208,gen_queue_task_bunny,gen_queue
2414186,1643538,commanded_audit_middleware,commanded
2483721,3108767,google_api_custom_search,google_gax
1193699,780119,phoenix_timex,phoenix_html
3168326,3168294,bunyan_formatter,bunyan_shared
3148838,430802,scrivener_headers_json,scrivener
2128252,1087292,ueberauth_jawbone,ueberauth
1612782,1616889,prometheus_ecto,prometheus_ex
2164207,2118375,plymio_ast,plymio_name
2483717,3108767,google_api_datastore,google_gax
2595461,1168826,phoenix_pubsub_conduit_amqp,phoenix_pubsub
2483728,3108767,google_api_fitness,google_gax
1369698,1206283,exometer_zabbix,exometer_core
2183978,2111897,eml_gen_rtmp_client,eml_rtmp
2233944,1087292,ueberauth_coding,ueberauth
2109744,1087292,ueberauth_pocket,ueberauth
1206957,780119,phoenix_simple_form,phoenix_html
1468052,1468053,inflections_en,inflections
1468052,1468055,inflections_en,inflector
1432162,3055792,elixir_wit,elixir_uuid
643,642,cloudi_service_api_requests,cloudi_core
1468053,1468055,inflections,inflector
644,642,cloudi_service_db,cloudi_core
1035573,30734,feedistiller,feeder_ex
645,642,cloudi_service_db_cassandra,cloudi_core
1468051,1468055,inflections_es,inflector
1468051,1468053,inflections_es,inflections
1563882,1446387,nerves_system_linkit,nerves_system
1563882,1446380,nerves_system_linkit,nerves_system_br
646,642,cloudi_service_db_cassandra_cql,cloudi_core
647,642,cloudi_service_db_couchdb,cloudi_core
2545476,819,httpoison_retry,httpoison
648,642,cloudi_service_db_elasticsearch,cloudi_core
649,642,cloudi_service_db_http_elli,cloudi_core
3391514,3413053,exred_node_grpc_twin,exred_nodeprototype
2726387,3108767,google_api_firestore,google_gax
2187981,3366454,io_ansi_table,io_ansi_plus
650,642,cloudi_service_db_memcached,cloudi_core
651,642,cloudi_service_db_mysql,cloudi_core
3462970,1689374,base62_uuid_field,base62_uuid
2286370,1643538,commanded_extreme_adapter,commanded
652,642,cloudi_service_db_pgsql,cloudi_core
653,642,cloudi_service_db_riak,cloudi_core
654,642,cloudi_service_db_tokyotyrant,cloudi_core
655,642,cloudi_service_filesystem,cloudi_core
2404801,888643,elixir_script_react,elixir_script
2684358,1446380,nerves_system_rpi3_dht11,nerves_system_br
656,642,cloudi_service_http_client,cloudi_core
657,642,cloudi_service_http_cowboy,cloudi_core
658,642,cloudi_service_map_reduce,cloudi_core
1269830,1222628,cassette_plug,cassette
3216997,3186141,exred_node_rpiphoto,exred_library
659,642,cloudi_service_oauth1,cloudi_core
659,652,cloudi_service_oauth1,cloudi_service_db_pgsql
659,653,cloudi_service_oauth1,cloudi_service_db_riak
659,657,cloudi_service_oauth1,cloudi_service_http_cowboy
660,642,cloudi_service_queue,cloudi_core
2045176,780119,phoenix_form_awesomplete,phoenix_html
661,642,cloudi_service_quorum,cloudi_core
662,642,cloudi_service_router,cloudi_core
663,642,cloudi_service_tcp,cloudi_core
664,642,cloudi_service_timers,cloudi_core
2441549,2354697,alchemetrics_web,alchemetrics
2604562,1446380,nerves_system_rpi0_zbar,nerves_system_br
665,642,cloudi_service_udp,cloudi_core
890,780119,phoenix_haml,phoenix_html
666,642,cloudi_service_zeromq,cloudi_core
2289534,1087292,ueberauth_dropbox,ueberauth
2319296,717,elixir_max72xx,elixir_ale
2420298,2440428,ex_cldr_dates_times,ex_cldr_numbers
2494111,1446380,nerves_system_farmbot_rpi0,nerves_system_br
3217009,3186141,exred_node_shell,exred_library
2516794,1087292,ueberauth_gitlab_strategy,ueberauth
3216532,3413053,exred_node_redis_in,exred_nodeprototype
3216531,3413053,exred_node_redis_daemon,exred_nodeprototype
1496611,1206283,exometer_datadog,exometer_core
2283164,1643538,commanded_eventstore_adapter,commanded
2129941,1511023,plug_locale_root_redirect,plug_best
3249803,1710161,libcluster_etcd,libcluster
2440428,2846972,ex_cldr_numbers,ex_cldr_currencies
836602,1349862,openmaize,openmaize_jwt
1112529,1087292,ueberauth_twitter,ueberauth
2483776,3108767,google_api_container,google_gax
1563880,1087292,ueberauth_line,ueberauth
2186782,1616889,prometheus_push,prometheus_ex
2422486,2420462,flashtag_api,flashtag
3057745,2912696,harnais_list,harnais_error
3248575,1190498,yggdrasil_ethereum,yggdrasil
3251376,1087292,ueberauth_keycloak_strategy,ueberauth
2483785,3108767,google_api_games_management,google_gax
2574530,642,cloudi_service_request_rate,cloudi_core
2165460,2212633,meeseeks,meeseeks_html5ever
1489200,780119,phoenix_ratchet,phoenix_html
1754816,820,httpotion_cache,httpotion
3216525,3413053,exred_node_gpio_out,exred_nodeprototype
1559034,3317565,ecto_network,ecto_sql
2804373,2804365,toolchain_extras_pru_cgt,toolchain_extras
1160251,671,comeonin_ecto_password,comeonin
1177194,912,posterize,postgrex
1211608,785389,rethinkdb_changefeed,rethinkdb
1072931,792013,calendar_translations,calendar
2837118,1087292,ueberauth_token,ueberauth
2130154,2130133,rebar3_efene_ct,rebar3_efene_compile
2423628,3108767,google_api_cloud_trace,google_gax
1349863,1087292,ueberauth_weibo,ueberauth
2156400,1087292,ueberauth_withings,ueberauth
3182065,1616889,prometheus_timer,prometheus_ex
3388979,1478495,elixir_bme680,elixir_make
2684358,2497586,nerves_system_rpi3_dht11,nerves_system_linter
2684985,2592915,opencensus_erlang_prometheus,opencensus
2684986,2592915,opencensus_cowboy,opencensus
3174699,3057745,harnais_form,harnais_list
2544065,1374181,simple_markdown_extension_cli,simple_markdown
2423631,3108767,google_api_pub_sub,google_gax
2596207,2281333,system_registry_term_storage,system_registry
2423645,3108767,google_api_cloud_debugger,google_gax
2423644,3108767,google_api_language,google_gax
2743109,2740566,plymio_codi,plymio_funcio
2276422,1135367,absinthe_ecto,absinthe
3218184,3413053,exred_node_trigger,exred_nodeprototype
2016805,2007368,alarm_clock_pg,alarm_clock
768746,768745,mazurka_mediatype_hyperjson,mazurka_mediatype
2352147,2177490,prometheus_cowboy,prometheus_httpd
2943810,2497586,nerves_system_rpi3_tftfb,nerves_system_linter
3216525,3186141,exred_node_gpio_out,exred_library
3267892,1446380,nerves_system_x86_64_uefi,nerves_system_br
1803883,1087292,ueberauth_heroku,ueberauth
2775419,608,amqp_director,amqp_client
1564795,733345,kafka_ex_mock,kafka_ex
3216531,3186141,exred_node_redis_daemon,exred_library
3169540,3168294,bunyan_source_erlang_error_logger,bunyan_shared
3210744,1087292,ueberauth_team_snap,ueberauth
2441574,2354697,alchemetrics_tesla,alchemetrics
3169541,3168294,bunyan_source_remote_reader,bunyan_shared
1332985,1087292,ueberauth_vk,ueberauth
3216532,3186141,exred_node_redis_in,exred_library
1486782,1087292,ueberauth_strava,ueberauth
3169543,3168294,bunyan_source_api,bunyan_shared
2357484,2176237,nerves_firmware_ssh,nerves_runtime
2352454,1087292,ueberauth_spotify_oauth,ueberauth
2107112,911083,yaml_front_matter,yaml_elixir
2261306,2258293,revisionair_ecto,revisionair
1131248,642,cloudi_service_monitoring,cloudi_core
1131249,642,cloudi_service_http_rest,cloudi_core
3145765,775654,honeydew_ecto_notify_queue,honeydew
2161140,1087292,ueberauth_goodreads,ueberauth
3243727,3243719,nerves_hub,nerves_hub_cli
3218181,3413053,exred_node_suppress,exred_nodeprototype
2423685,3108767,google_api_machine_learning,google_gax
3465405,3108767,google_api_dialogflow,google_gax
3465401,3108767,google_api_cloud_iot,google_gax
2423679,3108767,google_api_compute,google_gax
3465402,3108767,google_api_composer,google_gax
2423682,3108767,google_api_iam,google_gax
3465404,3108767,google_api_digital_asset_links,google_gax
1590276,1484170,prometheus_process_collector,prometheus
1717239,1087292,ueberauth_twitch_tv,ueberauth
2423692,3108767,google_api_vision,google_gax
2183451,1135367,absinthe_plug_cn,absinthe
1561867,1087292,ueberauth_cas,ueberauth
2199694,1582219,distillery_packager,distillery
2177490,1484170,prometheus_httpd,prometheus
2123958,1374181,simple_markdown_extension_svgbob,simple_markdown
3375833,1478495,elixir_mlx90640,elixir_make
2423701,3108767,google_api_people,google_gax
1583368,1583369,test_that_json_espec,test_that_json
1593422,780119,phoenix_integration,phoenix_html
2110452,1087292,ueberauth_bitbucket,ueberauth
2362334,1504872,nerves_network,nerves_network_interface
1136420,1135367,absinthe_plug,absinthe
3237641,1190498,yggdrasil_rabbitmq,yggdrasil
2586959,2373124,event_bus_postgres,event_bus
3408909,780119,phoenix_meta_tags,phoenix_html
1565935,780119,phoenix_markdown,phoenix_html
3237643,1190498,yggdrasil_redis,yggdrasil
2506393,1446380,nerves_system_farmbot_bbb,nerves_system_br
2401882,2408801,ex_cldr_units,ex_cldr_lists
2499522,1446380,nerves_system_x86_64,nerves_system_br
1280010,780119,phoenix_swoosh,phoenix_html
2061159,780119,phoenix_exceptional,phoenix_html
2709298,2709295,islands_text_client,islands_engine
2579824,1087292,ueberauth_stackoverflow,ueberauth
1737711,1369699,openstax_swift_ecto,openstax_swift
2408801,2440428,ex_cldr_lists,ex_cldr_numbers
3267892,2497586,nerves_system_x86_64_uefi,nerves_system_linter
3237648,1190498,yggdrasil_postgres,yggdrasil
2126087,1374181,simple_markdown_extension_highlight_js,simple_markdown
3174699,2912696,harnais_form,harnais_error
1880081,757338,ex_twilio_bootstrap,ex_twilio
3215607,3413053,exred_node_gpio_in,exred_nodeprototype
1415570,1412623,ralitobu_plug,ralitobu
2428936,3108767,google_api_storage,google_gax
3391524,3186141,exred_node_grpc_server,exred_library
2130181,2130133,rebar3_efene,rebar3_efene_compile
2130181,2130154,rebar3_efene,rebar3_efene_ct
2604562,2497586,nerves_system_rpi0_zbar,nerves_system_linter
3212969,3413053,exred_node_aws_iot_thingshadow_in,exred_nodeprototype
2130181,2130162,rebar3_efene,rebar3_efene_shell
1087285,1087292,ueberauth_facebook,ueberauth
2708749,2708748,clickhouse_ecto,clickhousex
1087287,1087292,ueberauth_identity,ueberauth
2520745,819,http_builder,httpoison
2520745,820,http_builder,httpotion
1087289,1087292,ueberauth_github,ueberauth
2401882,2440428,ex_cldr_units,ex_cldr_numbers
3218181,3186141,exred_node_suppress,exred_library
3212974,3413053,exred_node_aws_iot_thingshadow_out,exred_nodeprototype
2494111,2497586,nerves_system_farmbot_rpi0,nerves_system_linter
2377160,1732233,meta_pid_request,meta_pid
2676106,836965,guardian_firebase,guardian
3218184,3186141,exred_node_trigger,exred_library
2439724,1087292,ueberauth_stripe,ueberauth
2506113,2142245,task_bunny_sentry,task_bunny
930721,780119,phoenix_calendar,phoenix_html
717,1478495,elixir_ale,elixir_make
807192,1168826,phoenix_pubsub_redis,phoenix_pubsub
1529638,1087292,ueberauth_paypal,ueberauth
2423670,3108767,google_api_cloud_functions,google_gax
2118411,1087292,ueberauth_gitlab,ueberauth
2341587,819,http_event_server,httpoison
2341586,819,http_event_client,httpoison
2522710,1087292,ueberauth_esi,ueberauth
2943171,2831110,antikythera_aws,antikythera
3391514,3186141,exred_node_grpc_twin,exred_library
2423671,3108767,google_api_cloud_kms,google_gax
3286930,1087292,ueberauth_ecwid,ueberauth
3267855,3267828,antidotec_pb,antidote_pb_codec
1574084,1087292,ueberauth_instagram,ueberauth
1203414,912471,libsnarl,libsnarlmatch
1088899,1087292,ueberauth_slack,ueberauth
2423750,3108767,google_api_cloud_build,google_gax
3383740,1710161,libcluster_digitalocean,libcluster
2423753,3108767,google_api_dns,google_gax
2423747,3108767,google_api_cloud_billing,google_gax
1689372,1675053,nerves_toolchain_x86_64_unknown_linux_musl,nerves_toolchain_ctng
2518026,1087292,ueberauth_reddit,ueberauth
1770734,430802,scrivener_elastic,scrivener
2111897,2077547,eml_rtmp,eml_amf0
2493163,2448227,straw_hat_mailer,straw_hat
2884965,2884957,aws_ex_ray_ex_aws,aws_ex_ray_httpoison
2884965,2884958,aws_ex_ray_ex_aws,aws_ex_ray
2123600,1206290,riak_core_ng_up,riak_sysmon
1200463,971393,fernet_ecto,fernetex
2912615,2912603,membrane_caps_audio_raw,membrane_core
2884962,2884958,aws_ex_ray_ecto,aws_ex_ray
2423767,3108767,google_api_cloud_error_reporting,google_gax
2361635,1135367,absinthe_phoenix,absinthe
2315260,642,cloudi_service_http_elli,cloudi_core
3212969,3186141,exred_node_aws_iot_thingshadow_in,exred_library
3243358,3210838,telemetry_sampler,telemetry
913836,780119,phoenix_html_sanitizer,phoenix_html
3169152,3168294,bunyan_writer_remote,bunyan_shared
3360161,3210838,telemetry_poller,telemetry
738296,782540,detergentex,detergent
3212974,3186141,exred_node_aws_iot_thingshadow_out,exred_library
1347330,1087292,ueberauth_linkedin,ueberauth
2275855,780119,phoenix_locale,phoenix_html
2423771,3108767,google_api_video_intelligence,google_gax
2263074,2126755,fun_with_flags_ui,fun_with_flags
1210317,1206290,riak_core_ng,riak_sysmon
2830937,1168826,phoenix_pubsub_redis_z,phoenix_pubsub
2511327,836965,guardian_trackable,guardian
907093,907015,mdns_client_lib,mdns_client
2158135,1087292,ueberauth_runkeeper,ueberauth
1088898,1087292,ueberauth_google,ueberauth
2483740,1446380,nerves_system_farmbot_rpi3,nerves_system_br
1454186,1446380,nerves_system_ag150,nerves_system_br
1454186,1446387,nerves_system_ag150,nerves_system
1552933,1547366,scrivener_list,scrivener_ecto
2168100,2169056,nerves_firmware_http,nerves_firmware
1454187,1446380,nerves_system_rpi2,nerves_system_br
1454187,1446387,nerves_system_rpi2,nerves_system
1454185,1446380,nerves_system_rpi,nerves_system_br
1454185,1446387,nerves_system_rpi,nerves_system
3465366,2603208,gen_queue_faktory,gen_queue
3214319,2324653,commanded_scheduler,commanded_ecto_projections
907116,907016,mdns_server_lib,mdns_server
1840560,774001,espec_phoenix_helpers,espec_phoenix
1454181,1446380,nerves_system_alix,nerves_system_br
1454181,1446387,nerves_system_alix,nerves_system
918605,780119,phoenix_slim,phoenix_html
3057546,3317565,ecto_dripper,ecto_sql
3466762,2592915,opencensus_plug,opencensus
2375819,1710161,libcluster_ec2,libcluster
1689372,1446383,nerves_toolchain_x86_64_unknown_linux_musl,nerves_toolchain
2261069,1564799,gen_metrics,gen_stage
2531357,2164207,plymio_ast_vorm,plymio_ast
1454188,1446387,nerves_system_qemu_arm,nerves_system
1454188,1446380,nerves_system_qemu_arm,nerves_system_br
1454189,1446380,nerves_system_galileo,nerves_system_br
1454189,1446387,nerves_system_galileo,nerves_system
3215607,3186141,exred_node_gpio_in,exred_library
1245422,430802,scrivener_headers,scrivener
2884957,2884958,aws_ex_ray_httpoison,aws_ex_ray
2884960,2884958,aws_ex_ray_plug,aws_ex_ray
2176237,1425910,nerves_runtime,nerves_uart
3388990,1087292,ueberauth_hpid,ueberauth
1454178,1446380,nerves_system_rpi3,nerves_system_br
1454178,1446387,nerves_system_rpi3,nerves_system
2423741,3108767,google_api_cloud_resource_manager,google_gax
1454179,1446380,nerves_system_ev3,nerves_system_br
1454179,1446387,nerves_system_ev3,nerves_system
2526096,836965,guardian_backdoor,guardian
2423744,3108767,google_api_deployment_manager,google_gax
2118505,1446380,nerves_system_rpi3_pigpio,nerves_system_br
2388284,2176237,nerves_init_gadget,nerves_runtime
3314514,3314347,ex_nifcloud_computing,ex_nifcloud
1608093,819,http_client,httpoison
1131247,1087292,ueberauth_fitbit,ueberauth
2912688,2912603,membrane_element_file,membrane_core
2577650,2272140,lkn_core,lkn_prelude
1608091,1608088,elli_cloudfront,elli_cookie
950104,836965,guardian_db,guardian
1993797,1971891,cassandra_ecto,cassandrex
3314296,3242528,new_relic_phoenix,new_relic_agent
2743713,2743728,tesseract_trees,tesseract_ext
2743713,2743719,tesseract_trees,tesseract_geometry
2272530,2261069,gen_metrics_bench,gen_metrics
3391524,3404503,exred_node_grpc_server,exredrpc
2170336,1087292,ueberauth_microsoft,ueberauth
2440801,1206283,exometer_influxdb,exometer_core
1967510,1967508,benchee_html,benchee_json
3392880,3395320,aliyun_sms,aliyun_util
2912699,2912740,membrane_element_portaudio,membrane_common_c
3408714,3395323,hlds_logs,hlds_rcon
2912699,2912603,membrane_element_portaudio,membrane_core
3435770,642,cloudi_service_http_cowboy1,cloudi_core
1378443,780119,phoenix_active_link,phoenix_html
1544397,780119,phoenix_mtm,phoenix_html
2598768,3108767,google_api_you_tube,google_gax
2077578,2077547,eml_rtmp_session,eml_amf0
2912703,2912603,membrane_element_mpegaudioparse,membrane_core
2912695,2912603,membrane_element_httpoison,membrane_core
2448153,3108767,google_api_tag_manager,google_gax
3243719,3447567,nerves_hub_cli,nerves_hub_core
2177222,1087292,ueberauth_flickr,ueberauth
2448152,3108767,google_api_vault,google_gax
2448155,3108767,google_api_tasks,google_gax
1724289,1724289,issuer,issuer
3391514,3404503,exred_node_grpc_twin,exredrpc
2412278,780119,phoenix_routes_js,phoenix_html
2448151,3108767,google_api_tool_results,google_gax
3226356,2576998,construct_types,construct
1484169,1484170,prometheus_plugs,prometheus
2516864,1206283,exometer_report_graphite,exometer_core
2499522,2497586,nerves_system_x86_64,nerves_system_linter
3278633,3413053,exred_node_picar,exred_nodeprototype
2506393,2497586,nerves_system_farmbot_bbb,nerves_system_linter
3186146,3413053,exred_node_debug,exred_nodeprototype
3278639,3413053,exred_node_function,exred_nodeprototype
2603395,2603367,not_loaded_poison,not_loaded
2516860,1206283,exometer_report_lager,exometer_core
1598040,1675053,nerves_toolchain_armv5tejl_unknown_linux_musleabi,nerves_toolchain_ctng
1555560,780119,phoenix_expug,phoenix_html
3255934,1446380,nerves_system_3ds,nerves_system_br
1484169,1616889,prometheus_plugs,prometheus_ex
2324653,1643538,commanded_ecto_projections,commanded
2157064,2153067,rummage_phoenix,rummage_ecto
1777067,3317565,ecto_schema_store,ecto_sql
2422731,3108767,google_api_books,google_gax
2756421,1087292,ueberauth_okta,ueberauth
2675526,2448227,straw_hat_map,straw_hat
2021829,1087292,ueberauth_discord,ueberauth
2361635,1136420,absinthe_phoenix,absinthe_plug
1565933,785389,rethinkdb_ecto,rethinkdb
2261086,780119,phoenix_gon,phoenix_html
2266819,2109745,telegram_mt,telegram_tl
1135369,780119,phoenix_slime,phoenix_html
2362334,1508182,nerves_network,nerves_wpa_supplicant
2325045,780119,phoenix_octicons,phoenix_html
1607251,733345,kafka_consumer,kafka_ex
2743109,2893219,plymio_codi,plymio_vekil
2740566,2726257,plymio_funcio,plymio_fontais
2439608,2373124,event_bus_metrics,event_bus
2491073,780119,phoenix_pagination,phoenix_html
1446381,1675053,nerves_toolchain_arm_unknown_linux_gnueabihf,nerves_toolchain_ctng
2912754,2912603,membrane_loggers,membrane_core
2583405,2226848,gen_ircclient,gen_pnet
1446382,1675053,nerves_toolchain_arm_unknown_linux_gnueabi,nerves_toolchain_ctng
1271405,1135367,absinthe_relay,absinthe
3214325,3214284,alixir_oss,alixir_core
2448190,3108767,google_api_speech,google_gax
2116124,1425910,nerves_io_pn532,nerves_uart
2448193,3108767,google_api_url_shortener,google_gax
2448192,3108767,google_api_script,google_gax
841679,841566,airbrake_plug,airbrake
1591345,1555564,redix_pubsub_fastlane,redix_pubsub
2423962,780119,phoenix_bootstrap_form,phoenix_html
1446385,1675053,nerves_toolchain_i586_unknown_linux_gnu,nerves_toolchain_ctng
1598040,1446383,nerves_toolchain_armv5tejl_unknown_linux_musleabi,nerves_toolchain
2186221,2186212,openstex_adapters_ovh,openstex
2912738,2912740,membrane_element_mad,membrane_common_c
2180315,780119,phoenix_mjml,phoenix_html
2448200,3108767,google_api_street_view_publish,google_gax
1401372,1087292,ueberauth_vkontakte,ueberauth
3406988,780119,phoenix_pandoc,phoenix_html
2531357,2448237,plymio_ast_vorm,plymio_option
3186146,3186141,exred_node_debug,exred_library
2187810,2186212,openstex_adapters_rackspace,openstex
1454185,2497586,nerves_system_rpi,nerves_system_linter
3216881,3413053,exred_node_redis_out,exred_nodeprototype
3168031,3108767,google_api_cloud_shell,google_gax
2708987,2708981,clickhouse_ecto_odbc,clickhousex_odbc
3168032,3108767,google_api_chat,google_gax
2448212,3108767,google_api_o_auth2,google_gax
3278639,3186141,exred_node_function,exred_library
3168034,3108767,google_api_discovery,google_gax
3435916,3422293,mssql_adapter,mssqlex_v3
1454178,2497586,nerves_system_rpi3,nerves_system_linter
1454179,2497586,nerves_system_ev3,nerves_system_linter
2448219,3108767,google_api_groups_settings,google_gax
3395322,3337487,plug_wechat,plug_cowboy
2448218,3108767,google_api_licensing,google_gax
2780117,3108767,google_api_drive,google_gax
1706853,1087292,ueberauth_shopify,ueberauth
3248234,2965670,servicex_matching,servicex
2448221,3108767,google_api_reseller,google_gax
3255934,2497586,nerves_system_3ds,nerves_system_linter
2448220,3108767,google_api_proximity_beacon,google_gax
2416647,2399810,chromesmith,chrome_remote_interface
1454188,2497586,nerves_system_qemu_arm,nerves_system_linter
2448215,3108767,google_api_knowledge_graph_search,google_gax
1616889,1484170,prometheus_ex,prometheus
2448214,3108767,google_api_page_speed_online,google_gax
2912754,2912740,membrane_loggers,membrane_common_c
2448217,3108767,google_api_identity_toolkit,google_gax
2325142,780119,phoenix_components,phoenix_html
3209894,3204061,hex_search,hex_core
1454187,2497586,nerves_system_rpi2,nerves_system_linter
2168773,1087292,ueberauth_freeagent,ueberauth
3214290,3214284,alixir_sms,alixir_core
2211585,2299627,proto_response,protobuf
2912723,2912603,membrane_element_lame,membrane_core
2091708,430802,scrivener_esx,scrivener
3156882,3060690,siftsciex_plug,siftsciex
2174626,1135367,absinthe_relay_oxo,absinthe
2448156,3108767,google_api_surveys,google_gax
1446388,1446380,nerves_system_bbb,nerves_system_br
1446388,1446387,nerves_system_bbb,nerves_system
2278708,1087292,ueberauth_steam,ueberauth
1446385,1446383,nerves_toolchain_i586_unknown_linux_gnu,nerves_toolchain
2160074,2159984,rest_api_builder_essp,rest_api_builder
2448170,3108767,google_api_spanner,google_gax
2413523,1135367,absinthe_metrics,absinthe
2483740,2497586,nerves_system_farmbot_rpi3,nerves_system_linter
3002194,2743728,tesseract_ecs,tesseract_ext
2448172,3108767,google_api_spectrum,google_gax
2448171,3108767,google_api_safe_browsing,google_gax
1547365,1675053,nerves_toolchain_mipsel_unknown_linux_musl,nerves_toolchain_ctng
3278633,3186141,exred_node_picar,exred_library
2448167,3108767,google_api_storage_transfer,google_gax
1324265,1087292,ueberauth_spotify,ueberauth
3224815,1135367,absinthe_auth,absinthe
2448178,3108767,google_api_service_user,google_gax
2912738,2912603,membrane_element_mad,membrane_core
2646640,1675053,nerves_toolchain_powerpc_unknown_linux_gnueabihf,nerves_toolchain_ctng
2448179,3108767,google_api_slides,google_gax
2912740,2912603,membrane_common_c,membrane_core
2448174,3108767,google_api_sheets,google_gax
2440512,888643,elixir_script_web,elixir_script
2448173,3108767,google_api_service_management,google_gax
2780261,2448227,straw_hat_review,straw_hat
2448176,3108767,google_api_service_control,google_gax
2570422,2022448,complex_num_sigil,complex_num
2448175,3108767,google_api_source_repo,google_gax
3212016,3186141,exred_node_aws_iot_daemon,exred_library
1446382,1446383,nerves_toolchain_arm_unknown_linux_gnueabi,nerves_toolchain
2912724,2912740,membrane_element_ffmpeg_swresample,membrane_common_c
2585019,2373124,event_bus_logger,event_bus
1446381,1446383,nerves_toolchain_arm_unknown_linux_gnueabihf,nerves_toolchain
2912724,2912603,membrane_element_ffmpeg_swresample,membrane_core
2448182,3108767,google_api_partners,google_gax
2513719,3108767,google_api_big_query,google_gax
2912723,2912740,membrane_element_lame,membrane_common_c
